movie,filename,goodforairplane,trailer,year,runtime,rated,g_Action,g_Adventure,g_Animation,g_Biography,g_Comedy,g_Crime,g_Drama,g_Family,g_Fantasy,g_Horror,g_Music,g_Musical,g_Mystery,g_Romance,g_Sci-Fi,g_Sport,g_Thriller,g_War,g_Western,l_AmericanSignLanguage,l_Arabic,l_Croatian,l_Danish,l_Dutch,l_English,l_Filipino,l_French,l_German,l_Greek,l_Hindi,l_Hungarian,l_Inuktitut,l_Italian,l_Japanese,l_Korean,l_Latin,l_Mandarin,l_Navajo,l_Russian,l_Serbian,l_Spanish,l_Swahili,l_Urdu,l_Vietnamese,l_Yiddish,c_Argentina,c_Australia,c_Bahamas,c_Canada,c_China,c_CzechRepublic,c_Egypt,c_France,c_Germany,c_India,c_Ireland,c_Italy,c_Japan,c_Netherlands,c_NewZealand,c_SouthAfrica,c_SouthKorea,c_Spain,c_UK,c_USA
Seventh Son,Seventh_Son,1,http://www.imdb.com/video/imdb/vi1803464473/?ref_=tt_ov_vi,2014,102 min,PG-13,1,1,0,0,0,0,0,0,1,0,0,0,0,0,0,0,0,0,0,0,0,0,0,0,1,0,0,0,0,0,0,0,0,0,0,0,0,0,0,0,0,0,0,0,0,0,0,0,1,1,0,0,0,0,0,0,0,0,0,0,0,0,0,1,1
Welcome to Me,Welcome_to_Me,0,http://www.imdb.com/video/imdb/vi226471449/?ref_=tt_ov_vi,2014,105 min,R,0,0,0,0,1,0,1,0,0,0,0,0,0,0,0,0,0,0,0,0,0,0,0,0,1,0,0,0,0,0,0,0,0,0,0,0,0,0,0,0,0,0,0,0,0,0,0,0,0,0,0,0,0,0,0,0,0,0,0,0,0,0,0,0,1
The Judge,The_Judge,0,http://www.imdb.com/video/imdb/vi1286123289/?ref_=tt_ov_vi,2014,141 min,R,0,0,0,0,0,0,1,0,0,0,0,0,0,0,0,0,0,0,0,0,0,0,0,0,1,0,0,0,0,0,0,0,0,0,0,0,0,0,0,0,0,0,0,0,0,0,0,0,0,0,0,0,0,0,0,0,0,0,0,0,0,0,0,0,1
Transformers  Age of Extinction,Transformers__Age_of_Extinction,0,http://www.imdb.com/video/imdb/vi3138759961/?ref_=tt_ov_vi,2014,165 min,PG-13,1,1,0,0,0,0,0,0,0,0,0,0,0,0,1,0,0,0,0,0,0,0,0,0,1,0,0,0,0,0,0,0,0,0,0,0,0,0,0,0,0,0,0,0,0,0,0,0,0,1,0,0,0,0,0,0,0,0,0,0,0,0,0,0,1
The Normal Heart,The_Normal_Heart,1,http://www.imdb.com/video/imdb/vi2749541657/?ref_=tt_ov_vi,2014,132 min,TV-MA,0,0,0,0,0,0,1,0,0,0,0,0,0,0,0,0,0,0,0,0,0,0,0,0,1,0,0,0,0,0,0,0,0,0,0,0,0,0,0,0,0,0,0,0,0,0,0,0,0,0,0,0,0,0,0,0,0,0,0,0,0,0,0,0,1
The Phantom Tollbooth,The_Phantom_Tollbooth,1,https://www.youtube.com/watch?v=V7Co7UZ02_0,1970,90 min,G,0,1,1,0,0,0,0,1,0,0,0,0,0,0,0,0,0,0,0,0,0,0,0,0,1,0,0,0,0,0,0,0,0,0,0,0,0,0,0,0,0,0,0,0,0,0,0,0,0,0,0,0,0,0,0,0,0,0,0,0,0,0,0,0,1
Andaz Apna Apna,Andaz_Apna_Apna,1,https://www.youtube.com/watch?v=fd_w7Qw8biU,1994,160 min,PG,0,0,0,0,1,0,0,1,0,0,0,0,0,1,0,0,0,0,0,0,0,0,0,0,0,0,0,0,0,1,0,0,0,0,0,0,0,0,0,0,0,0,0,0,0,0,0,0,0,0,0,0,0,0,1,0,0,0,0,0,0,0,0,0,0
Hotel Transylvania,Hotel_Transylvania,1,http://www.imdb.com/video/imdb/vi2571739673/?ref_=tt_ov_vi,2012,91 min,PG,0,0,1,0,1,0,0,1,0,0,0,0,0,0,0,0,0,0,0,0,0,0,0,0,1,0,0,0,0,0,0,0,0,0,0,0,0,0,0,0,0,0,0,0,0,0,0,0,0,0,0,0,0,0,0,0,0,0,0,0,0,0,0,0,1
The Matrix,The_Matrix,1,http://www.imdb.com/video/imdb/vi1032782617/?ref_=tt_ov_vi,1999,136 min,R,1,0,0,0,0,0,0,0,0,0,0,0,0,0,1,0,0,0,0,0,0,0,0,0,1,0,0,0,0,0,0,0,0,0,0,0,0,0,0,0,0,0,0,0,0,0,1,0,0,0,0,0,0,0,0,0,0,0,0,0,0,0,0,0,1
Into the Wild,Into_the_Wild,1,http://www.imdb.com/video/imdb/vi1051656473/?ref_=tt_ov_vi,2007,148 min,R,0,1,0,1,0,0,1,0,0,0,0,0,0,0,0,0,0,0,0,0,0,0,1,0,1,0,0,0,0,0,0,0,0,0,0,0,0,0,0,0,0,0,0,0,0,0,0,0,0,0,0,0,0,0,0,0,0,0,0,0,0,0,0,0,1
Jerry Maguire,Jerry_Maguire,0,http://www.imdb.com/video/imdb/vi878683161/?ref_=tt_ov_vi,1996,139 min,R,0,0,0,0,1,0,1,0,0,0,0,0,0,1,0,0,0,0,0,1,0,0,0,0,1,0,0,0,0,0,0,0,0,0,0,0,0,0,0,0,0,0,0,0,0,0,0,0,0,0,0,0,0,0,0,0,0,0,0,0,0,0,0,0,1
Lord of the Flies,Lord_of_the_Flies,0,https://www.youtube.com/watch?v=NH0KvUFZj4A,1990,90 min,R,0,1,0,0,0,0,1,0,0,0,0,0,0,0,0,0,1,0,0,0,0,0,0,0,1,0,0,0,0,0,0,0,0,0,0,0,0,0,0,0,0,0,0,0,0,0,0,0,0,0,0,0,0,0,0,0,0,0,0,0,0,0,0,0,1
The Great Gatsby,The_Great_Gatsby,0,http://www.imdb.com/video/imdb/vi2949817881/?ref_=tt_ov_vi,2013,143 min,PG-13,0,0,0,0,0,0,1,0,0,0,0,0,0,1,0,0,0,0,0,0,0,0,0,0,1,0,0,0,0,0,0,0,0,0,0,0,0,0,0,0,0,0,0,0,0,0,1,0,0,0,0,0,0,0,0,0,0,0,0,0,0,0,0,0,1
Inherent Vice,Inherent_Vice,0,http://www.imdb.com/video/imdb/vi4155813401/?ref_=tt_ov_vi,2014,148 min,R,0,0,0,0,0,1,1,0,0,0,0,0,1,0,0,0,0,0,0,0,0,0,0,0,1,0,0,0,0,0,0,0,0,1,0,0,0,0,0,0,0,0,0,0,0,0,0,0,0,0,0,0,0,0,0,0,0,0,0,0,0,0,0,0,1
Donnie Darko,Donnie_Darko,1,http://www.imdb.com/video/imdb/vi1067647257/?ref_=tt_ov_vi,2001,113 min,R,0,0,0,0,0,0,1,0,0,0,0,0,1,0,1,0,0,0,0,0,0,0,0,0,1,0,0,0,0,0,0,0,0,0,0,0,0,0,0,0,0,0,0,0,0,0,0,0,0,0,0,0,0,0,0,0,0,0,0,0,0,0,0,0,1
Anna Karenina,Anna_Karenina,1,http://www.imdb.com/video/imdb/vi675914265/?ref_=tt_ov_vi,2012,129 min,R,0,0,0,0,0,0,1,0,0,0,0,0,0,1,0,0,0,0,0,0,0,0,0,0,1,0,0,0,0,0,0,0,0,0,0,0,0,0,0,0,0,0,0,0,0,0,0,0,0,0,0,0,0,0,0,0,0,0,0,0,0,0,0,1,0
American Gangster,American_Gangster,1,http://www.imdb.com/video/imdb/vi3216048409/?ref_=tt_ov_vi,2007,157 min,R,0,0,0,1,0,1,1,0,0,0,0,0,0,0,0,0,0,0,0,0,0,0,0,0,1,0,0,0,0,0,0,0,0,0,0,0,0,0,0,0,0,0,0,0,0,0,0,0,0,0,0,0,0,0,0,0,0,0,0,0,0,0,0,1,1
Full Metal Jacket,Full_Metal_Jacket,1,https://www.youtube.com/watch?v=x9f6JaaX7Wg,1987,116 min,R,0,0,0,0,0,0,1,0,0,0,0,0,0,0,0,0,0,1,0,0,0,0,0,0,1,0,0,0,0,0,0,0,0,0,0,0,0,0,0,0,0,0,0,1,0,0,0,0,0,0,0,0,0,0,0,0,0,0,0,0,0,0,0,1,1
Words and Pictures,Words_and_Pictures,1,http://www.imdb.com/video/imdb/vi508013081/?ref_=tt_ov_vi,2013,111 min,PG-13,0,0,0,0,1,0,1,0,0,0,0,0,0,1,0,0,0,0,0,0,0,0,0,0,1,0,0,0,0,0,0,0,0,0,0,0,0,0,0,0,0,0,0,0,0,0,0,0,0,0,0,0,0,0,0,0,0,0,0,0,0,0,0,0,1
John Wick,John_Wick,1,http://www.imdb.com/video/imdb/vi2273816345/?ref_=tt_ov_vi,2014,101 min,R,1,0,0,0,0,0,0,0,0,0,0,0,0,0,0,0,1,0,0,0,0,0,0,0,1,0,0,0,0,0,1,0,0,0,0,0,0,0,1,0,0,0,0,0,0,0,0,0,0,0,0,0,0,0,0,0,0,0,0,0,0,0,0,0,1
The Fault in Our Stars,The_Fault_in_Our_Stars,0,http://www.imdb.com/video/imdb/vi2313071897/?ref_=tt_ov_vi,2014,126 min,PG-13,0,0,0,0,0,0,1,0,0,0,0,0,0,1,0,0,0,0,0,0,0,0,0,0,1,0,0,0,0,0,0,0,0,0,0,0,0,0,0,0,0,0,0,0,0,0,0,0,0,0,0,0,0,0,0,0,0,0,0,0,0,0,0,0,1
The Cobbler,The_Cobbler,0,http://www.imdb.com/video/imdb/vi2221190681/?ref_=tt_ov_vi,2014,99 min,PG-13,0,0,0,0,1,0,1,0,1,0,0,0,0,0,0,0,0,0,0,0,0,0,0,0,1,0,0,0,0,0,0,0,0,0,0,0,0,0,0,0,0,0,0,0,1,0,0,0,0,0,0,0,0,0,0,0,0,0,0,0,0,0,0,0,1
The Hobbit  The Desolation of Smaug,The_Hobbit__The_Desolation_of_Smaug,1,http://www.imdb.com/video/imdb/vi2165155865/?ref_=tt_ov_vi,2013,161 min,PG-13,0,1,0,0,0,0,0,0,1,0,0,0,0,0,0,0,0,0,0,0,0,0,0,0,1,0,0,0,0,0,0,0,0,0,0,0,0,0,0,0,0,0,0,0,0,0,0,0,0,0,0,0,0,0,0,0,0,0,0,1,0,0,0,0,1
Jack Reacher,Jack_Reacher,0,http://www.imdb.com/video/imdb/vi1158194201/?ref_=tt_ov_vi,2012,130 min,PG-13,1,0,0,0,0,0,0,0,0,0,0,0,1,0,0,0,1,0,0,0,0,0,0,0,1,0,0,0,0,0,0,0,0,0,0,0,0,0,0,0,0,0,0,0,0,0,0,0,0,0,0,0,0,0,0,0,0,0,0,0,0,0,0,0,1
The Book of Life,The_Book_of_Life,1,http://www.imdb.com/video/imdb/vi840674329/?ref_=tt_ov_vi,2014,95 min,PG,0,1,1,0,1,0,0,0,0,0,0,0,0,0,0,0,0,0,0,0,0,0,0,0,1,0,0,0,0,0,0,0,0,0,0,0,0,0,0,0,1,0,0,0,0,0,0,0,0,0,0,0,0,0,0,0,0,0,0,0,0,0,0,0,1
Let's Be Cops,Let's_Be_Cops,1,http://www.imdb.com/video/imdb/vi3031084057/?ref_=tt_ov_vi,2014,104 min,R,0,0,0,0,1,0,0,0,0,0,0,0,0,0,0,0,0,0,0,0,0,0,0,0,1,0,0,0,0,0,0,0,0,0,0,0,0,0,0,0,0,0,0,0,0,0,0,0,0,0,0,0,0,0,0,0,0,0,0,0,0,0,0,0,1
A Single Man,A_Single_Man,1,http://www.imdb.com/video/imdb/vi3409642521/?ref_=tt_ov_vi,2009,99 min,R,0,0,0,0,0,0,1,0,0,0,0,0,0,0,0,0,0,0,0,0,0,0,0,0,1,0,0,0,0,0,0,0,0,0,0,0,0,0,0,0,1,0,0,0,0,0,0,0,0,0,0,0,0,0,0,0,0,0,0,0,0,0,0,0,1
Casino Royale,Casino_Royale,1,http://www.imdb.com/video/imdb/vi1859520025/?ref_=tt_ov_vi,2006,144 min,PG-13,1,1,0,0,0,0,0,0,0,0,0,0,0,0,0,0,1,0,0,0,0,0,0,0,1,0,1,0,0,0,0,0,0,0,0,0,0,0,0,0,0,0,0,0,0,0,0,1,0,0,1,0,0,1,0,0,0,0,0,0,0,0,0,1,1
Ode to My Father,Ode_to_My_Father,1,http://www.imdb.com/video/imdb/vi1399631641/?ref_=tt_ov_vi,2014,126 min,N/A,0,0,0,0,0,0,1,0,0,0,0,0,0,0,0,0,0,0,0,0,0,0,0,0,1,0,0,1,0,0,0,0,0,0,1,0,0,0,0,0,0,0,0,0,0,0,0,0,0,0,0,0,0,0,0,0,0,0,0,0,0,1,0,0,0
Dirty Dancing,Dirty_Dancing,1,http://www.imdb.com/video/imdb/vi4074439449/?ref_=tt_ov_vi,1987,100 min,PG-13,0,0,0,0,0,0,1,0,0,0,1,0,0,1,0,0,0,0,0,0,0,0,0,0,1,0,0,0,0,0,0,0,0,0,0,0,0,0,0,0,0,0,0,0,0,0,0,0,0,0,0,0,0,0,0,0,0,0,0,0,0,0,0,0,1
V for Vendetta,V_for_Vendetta,0,http://www.imdb.com/video/imdb/vi4276093209/?ref_=tt_ov_vi,2005,132 min,R,1,0,0,0,0,0,1,0,0,0,0,0,0,0,0,0,1,0,0,0,0,0,0,0,1,0,0,0,0,0,0,0,0,0,0,0,0,0,0,0,0,0,0,0,0,0,0,0,0,0,0,0,0,1,0,0,0,0,0,0,0,0,0,1,1
Brother Bear,Brother_Bear,0,http://www.imdb.com/video/imdb/vi3051159833/?ref_=tt_ov_vi,2003,85 min,G,0,1,1,0,0,0,0,1,0,0,0,0,0,0,0,0,0,0,0,0,0,1,0,0,1,0,0,0,0,0,0,1,0,0,0,0,0,0,0,1,0,0,0,0,0,0,0,0,0,0,0,0,0,0,0,0,0,0,0,0,0,0,0,0,1
Babar  The Movie,Babar__The_Movie,0,https://www.youtube.com/watch?v=3SEM5pUs9qg,1989,70 min,G,0,1,1,0,0,0,0,1,0,0,0,0,0,0,0,0,0,0,0,0,0,0,0,0,1,0,1,0,0,0,0,0,0,0,0,0,0,0,0,0,0,0,0,0,0,0,0,0,1,0,0,0,1,0,0,0,0,0,0,0,0,0,0,0,0
The Parent Trap,The_Parent_Trap,0,https://www.youtube.com/watch?v=32WeiH4TrIY,1998,127 min,PG,0,1,0,0,1,0,1,0,0,0,0,0,0,0,0,0,0,0,0,0,0,0,0,0,1,0,1,0,0,0,0,0,0,0,0,0,0,0,0,0,0,0,0,0,0,0,0,0,0,0,0,0,0,0,0,0,0,0,0,0,0,0,0,0,1
Bros Before Hos,Bros_Before_Hos,1,https://www.youtube.com/watch?v=kYjkfdPMPB4,2013,87 min,N/A,0,0,0,0,1,0,0,0,0,0,0,0,0,0,0,0,0,0,0,0,0,0,0,1,0,0,0,0,0,0,0,0,0,0,0,0,0,0,0,0,0,0,0,0,0,0,0,0,0,0,0,0,0,0,0,0,0,0,1,0,0,0,0,0,0
Moulin Rouge!,Moulin_Rouge!,1,http://www.imdb.com/video/imdb/vi1821835545/?ref_=tt_ov_vi,2001,127 min,PG-13,0,0,0,0,0,0,1,0,0,0,0,1,0,1,0,0,0,0,0,0,0,0,0,0,1,0,1,0,0,0,0,0,0,0,0,0,0,0,0,0,1,0,0,0,0,0,1,0,0,0,0,0,0,0,0,0,0,0,0,0,0,0,0,0,1
Total Recall,Total_Recall,1,http://www.imdb.com/video/imdb/vi184484121/?ref_=tt_ov_vi,1990,113 min,R,1,1,0,0,0,0,0,0,0,0,0,0,0,0,1,0,0,0,0,0,0,0,0,0,1,0,0,0,0,0,0,0,0,0,0,0,0,0,0,0,0,0,0,0,0,0,0,0,0,0,0,0,0,0,0,0,0,0,0,0,0,0,0,0,1
American Pie,American_Pie,1,http://www.imdb.com/video/imdb/vi1622540569/?ref_=tt_ov_vi,1999,95 min,R,0,0,0,0,1,0,0,0,0,0,0,0,0,1,0,0,0,0,0,0,0,0,0,0,1,0,0,0,0,0,0,0,0,0,0,0,0,0,0,0,0,0,0,0,0,0,0,0,0,0,0,0,0,0,0,0,0,0,0,0,0,0,0,0,1
Shakespeare in Love,Shakespeare_in_Love,1,http://www.imdb.com/video/imdb/vi2497749273/?ref_=tt_ov_vi,1998,123 min,R,0,0,0,0,1,0,1,0,0,0,0,0,0,1,0,0,0,0,0,0,0,0,0,0,1,0,0,0,0,0,0,0,0,0,0,0,0,0,0,0,0,0,0,0,0,0,0,0,0,0,0,0,0,0,0,0,0,0,0,0,0,0,0,0,1
Bobby Jasoos,Bobby_Jasoos,1,http://www.imdb.com/video/imdb/vi687582233/?ref_=tt_ov_vi,2014,121 min,N/A,0,0,0,0,1,0,1,0,0,0,0,0,0,0,0,0,1,0,0,0,0,0,0,0,0,0,0,0,0,1,0,0,0,0,0,0,0,0,0,0,0,0,1,0,0,0,0,0,0,0,0,0,0,0,1,0,0,0,0,0,0,0,0,0,0
Boogie Nights,Boogie_Nights,0,http://www.imdb.com/video/imdb/vi2361065753/?ref_=tt_ov_vi,1997,155 min,R,0,0,0,0,0,0,1,0,0,0,0,0,0,0,0,0,0,0,0,0,0,0,0,0,1,0,0,0,0,0,0,0,0,0,0,0,0,0,0,0,0,0,0,0,0,0,0,0,0,0,0,0,0,0,0,0,0,0,0,0,0,0,0,0,1
Excuse My French,Excuse_My_French,0,https://www.youtube.com/watch?v=yzANcXAOT2A,2014,99 min,N/A,0,0,0,0,1,0,0,0,0,0,0,0,0,0,0,0,0,0,0,0,1,0,0,0,0,0,0,0,0,0,0,0,0,0,0,0,0,0,0,0,0,0,0,0,0,0,0,0,0,0,0,1,0,0,0,0,0,0,0,0,0,0,0,0,0
Chef,Chef,0,http://www.imdb.com/video/imdb/vi3075386649/?ref_=tt_ov_vi,2014,114 min,R,0,0,0,0,1,0,1,0,0,0,0,0,0,0,0,0,0,0,0,0,0,0,0,0,1,0,0,0,0,0,0,0,0,0,0,0,0,0,0,0,1,0,0,0,0,0,0,0,0,0,0,0,0,0,0,0,0,0,0,0,0,0,0,0,1
Le Samourai,Le_Samourai,0,https://www.youtube.com/watch?v=Fs0XYssIlbo,1967,101 min,PG,0,0,0,0,0,1,1,0,0,0,0,0,1,0,0,0,0,0,0,0,0,0,0,0,0,0,1,0,0,0,0,0,0,0,0,0,0,0,0,0,0,0,0,0,0,0,0,0,0,0,0,0,1,0,0,0,1,0,0,0,0,0,0,0,0
The Lizzie McGuire Movie,The_Lizzie_McGuire_Movie,1,http://www.imdb.com/video/imdb/vi17761049/?ref_=tt_ov_vi,2003,94 min,PG,0,1,0,0,1,0,0,1,0,0,0,0,0,0,0,0,0,0,0,0,0,0,0,0,1,0,0,0,0,0,0,0,1,0,0,0,0,0,0,0,0,0,0,0,0,0,0,0,0,0,0,0,0,0,0,0,0,0,0,0,0,0,0,0,1
Khumba,Khumba,1,http://www.imdb.com/video/imdb/vi2911414297/?ref_=tt_ov_vi,2013,85 min,NOT RATED,0,1,1,0,0,0,0,1,0,0,0,0,0,0,0,0,0,0,0,0,0,0,0,0,1,0,0,0,0,0,0,0,0,0,0,0,0,0,0,0,0,0,0,0,0,0,0,0,0,0,0,0,0,0,0,0,0,0,0,0,1,0,0,0,0
A Fish Called Wanda,A_Fish_Called_Wanda,1,https://www.youtube.com/watch?v=dqAJUlSRCwo,1988,108 min,R,0,0,0,0,1,1,0,0,0,0,0,0,0,0,0,0,0,0,0,0,0,0,0,0,1,0,0,0,0,0,0,0,1,0,0,0,0,0,1,0,0,0,0,0,0,0,0,0,0,0,0,0,0,0,0,0,0,0,0,0,0,0,0,1,1
Homies,Homies,1,https://www.youtube.com/watch?v=CflOPal5reA,2015,100 min,N/A,0,0,0,0,1,0,0,0,0,0,0,0,0,0,0,0,0,0,0,0,0,0,0,1,0,0,0,0,0,0,0,0,0,0,0,0,0,0,0,0,0,0,0,0,0,0,0,0,0,0,0,0,0,0,0,0,0,0,1,0,0,0,0,0,0
Mulan,Mulan,1,http://www.imdb.com/video/imdb/vi3411542297/?ref_=tt_ov_vi,1998,88 min,G,0,1,1,0,0,0,0,1,0,0,0,0,0,0,0,0,0,0,0,0,0,0,0,0,1,0,0,0,0,0,0,0,0,0,0,0,1,0,0,0,0,0,0,0,0,0,0,0,0,0,0,0,0,0,0,0,0,0,0,0,0,0,0,0,1
The Maze Runner,The_Maze_Runner,1,http://www.imdb.com/video/imdb/vi1344318489/?ref_=tt_ov_vi,2014,113 min,PG-13,1,0,0,0,0,0,0,0,0,0,0,0,1,0,1,0,0,0,0,0,0,0,0,0,1,0,0,0,0,0,0,0,0,0,0,0,0,0,0,0,0,0,0,0,0,0,0,0,0,0,0,0,0,0,0,0,0,0,0,0,0,0,0,0,1
Nightcrawler,Nightcrawler,0,http://www.imdb.com/video/imdb/vi4179799833/?ref_=tt_ov_vi,2014,117 min,R,0,0,0,0,0,1,0,0,0,0,0,0,0,0,0,0,1,0,0,0,0,0,0,0,1,0,0,0,0,0,0,0,0,0,0,0,0,0,0,0,0,0,0,0,0,0,0,0,0,0,0,0,0,0,0,0,0,0,0,0,0,0,0,0,1
Elsa   Fred,Elsa___Fred,0,https://www.youtube.com/watch?v=TnORJy_2tzg,2005,108 min,PG,0,0,0,0,1,0,1,0,0,0,0,0,0,1,0,0,0,0,0,0,0,0,0,0,1,0,0,0,0,0,0,0,1,0,0,0,0,0,0,0,1,0,0,0,0,1,0,0,0,0,0,0,0,0,0,0,0,0,0,0,0,0,1,0,0
RED,RED,0,http://www.imdb.com/video/imdb/vi2156856857/?ref_=tt_ov_vi,2010,111 min,PG-13,1,0,0,0,1,1,0,0,0,0,0,0,0,0,0,0,0,0,0,0,0,0,0,0,1,0,0,0,0,0,0,0,0,0,0,0,0,0,1,0,0,0,0,0,0,0,0,0,0,0,0,0,0,0,0,0,0,0,0,0,0,0,0,0,1
Khoobsurat,Khoobsurat,0,http://www.imdb.com/video/imdb/vi766553881/?ref_=tt_ov_vi,2014,130 min,N/A,0,0,0,0,1,0,0,0,0,0,0,0,0,1,0,0,0,0,0,0,0,0,0,0,0,0,0,0,0,1,0,0,0,0,0,0,0,0,0,0,0,0,0,0,0,0,0,0,0,0,0,0,0,0,1,0,0,0,0,0,0,0,0,0,0
Interstellar,Interstellar,1,http://www.imdb.com/video/imdb/vi1586278169/?ref_=tt_ov_vi,2014,169 min,PG-13,0,1,0,0,0,0,0,0,0,0,0,0,0,0,1,0,0,0,0,0,0,0,0,0,1,0,0,0,0,0,0,0,0,0,0,0,0,0,0,0,0,0,0,0,0,0,0,0,1,0,0,0,0,0,0,0,0,0,0,0,0,0,0,1,1
Night at the Museum  Secret of the Tomb,Night_at_the_Museum__Secret_of_the_Tomb,1,http://www.imdb.com/video/imdb/vi4060720921/?ref_=tt_ov_vi,2014,98 min,PG,0,1,0,0,1,0,0,1,0,0,0,0,0,0,0,0,0,0,0,0,0,0,0,0,1,0,0,0,0,0,0,0,0,0,0,0,0,0,0,0,0,0,0,0,0,0,0,0,0,0,0,0,0,0,0,0,0,0,0,0,0,0,0,1,1
The Hunger Games,The_Hunger_Games,1,http://www.imdb.com/video/imdb/vi3358368281/?ref_=tt_ov_vi,2012,142 min,PG-13,0,1,0,0,0,0,0,0,0,0,0,0,0,0,1,0,0,0,0,0,0,0,0,0,1,0,0,0,0,0,0,0,0,0,0,0,0,0,0,0,0,0,0,0,0,0,0,0,0,0,0,0,0,0,0,0,0,0,0,0,0,0,0,0,1
The Babadook,The_Babadook,1,http://www.imdb.com/video/imdb/vi1349234457/?ref_=tt_ov_vi,2014,93 min,NOT RATED,0,0,0,0,0,0,1,0,0,1,0,0,0,0,0,0,1,0,0,0,0,0,0,0,1,0,0,0,0,0,0,0,0,0,0,0,0,0,0,0,0,0,0,0,0,0,1,0,1,0,0,0,0,0,0,0,0,0,0,0,0,0,0,0,0
Big Hero 6,Big_Hero_6,1,http://www.imdb.com/video/imdb/vi513650457/?ref_=tt_ov_vi,2014,102 min,PG,1,1,1,0,0,0,0,0,0,0,0,0,0,0,0,0,0,0,0,0,0,0,0,0,1,0,0,0,0,0,0,0,0,0,0,0,0,0,0,0,0,0,0,0,0,0,0,0,0,0,0,0,0,0,0,0,0,0,0,0,0,0,0,0,1
The Imitation Game,The_Imitation_Game,1,http://www.imdb.com/video/imdb/vi3398414105/?ref_=tt_ov_vi,2014,114 min,PG-13,0,0,0,1,0,0,1,0,0,0,0,0,0,0,0,0,1,0,0,0,0,0,0,0,1,0,0,1,0,0,0,0,0,0,0,0,0,0,0,0,0,0,0,0,0,0,0,0,0,0,0,0,0,0,0,0,0,0,0,0,0,0,0,1,1
Looney Tunes  Back in Action,Looney_Tunes__Back_in_Action,0,http://www.imdb.com/video/imdb/vi3549626649/?ref_=tt_ov_vi,2003,91 min,PG,0,1,1,0,1,0,0,0,0,0,0,0,0,0,0,0,0,0,0,0,0,0,0,0,1,0,0,0,0,0,0,0,0,0,0,0,0,0,0,0,0,0,0,0,0,0,0,0,0,0,0,0,0,1,0,0,0,0,0,0,0,0,0,0,1
The Hunger Games  Catching Fire,The_Hunger_Games__Catching_Fire,0,http://www.imdb.com/video/imdb/vi4243236889/?ref_=tt_ov_vi,2013,146 min,PG-13,0,1,0,0,0,0,0,0,0,0,0,0,0,0,1,0,0,0,0,0,0,0,0,0,1,0,0,0,0,0,0,0,0,0,0,0,0,0,0,0,0,0,0,0,0,0,0,0,0,0,0,0,0,0,0,0,0,0,0,0,0,0,0,0,1
Hook,Hook,0,http://www.imdb.com/video/imdb/vi845128729/?ref_=tt_ov_vi,1991,142 min,PG,0,1,0,0,1,0,0,1,0,0,0,0,0,0,0,0,0,0,0,0,0,0,0,0,1,0,0,0,0,0,0,0,0,0,0,0,0,0,0,0,0,0,0,0,0,0,0,0,0,0,0,0,0,0,0,0,0,0,0,0,0,0,0,0,1
Exodus  Gods and Kings,Exodus__Gods_and_Kings,0,http://www.imdb.com/video/imdb/vi1381084953/?ref_=tt_ov_vi,2014,150 min,PG-13,1,1,0,0,0,0,1,0,0,0,0,0,0,0,0,0,0,0,0,0,0,0,0,0,1,0,0,0,0,0,0,0,0,0,0,0,0,0,0,0,0,0,0,0,0,0,0,0,0,0,0,0,0,0,0,0,0,0,0,0,0,0,1,1,1
Invincible,Invincible,1,http://www.imdb.com/video/imdb/vi1129159961/?ref_=tt_ov_vi,2006,105 min,PG,0,0,0,1,0,0,1,0,0,0,0,0,0,0,0,1,0,0,0,0,0,0,0,0,1,0,0,0,0,0,0,0,0,0,0,0,0,0,0,0,0,0,0,0,0,0,0,0,0,0,0,0,0,0,0,0,0,0,0,0,0,0,0,0,1
Some Like It Hot,Some_Like_It_Hot,1,http://www.imdb.com/video/imdb/vi2371683353/?ref_=tt_ov_vi,1959,120 min,NOT RATED,0,0,0,0,1,0,0,0,0,0,0,0,0,0,0,0,0,0,0,0,0,0,0,0,1,0,0,0,0,0,0,0,0,0,0,0,0,0,0,0,0,0,0,0,0,0,0,0,0,0,0,0,0,0,0,0,0,0,0,0,0,0,0,0,1
The Reader,The_Reader,1,http://www.imdb.com/video/imdb/vi1750597657/?ref_=tt_ov_vi,2008,124 min,R,0,0,0,0,0,0,1,0,0,0,0,0,0,1,0,0,0,0,0,0,0,0,0,0,1,0,0,1,1,0,0,0,0,0,0,1,0,0,0,0,0,0,0,0,0,0,0,0,0,0,0,0,0,1,0,0,0,0,0,0,0,0,0,0,1
The Birdcage,The_Birdcage,1,http://www.imdb.com/video/imdb/vi480576793/?ref_=tt_ov_vi,1996,117 min,R,0,0,0,0,1,0,0,0,0,0,0,0,0,0,0,0,0,0,0,0,0,0,0,0,1,0,0,0,0,0,0,0,0,0,0,0,0,0,0,0,0,0,0,0,0,0,0,0,0,0,0,0,0,0,0,0,0,0,0,0,0,0,0,0,1
The Theory of Everything,The_Theory_of_Everything,1,http://www.imdb.com/video/imdb/vi3801067289/?ref_=tt_ov_vi,2014,123 min,PG-13,0,0,0,1,0,0,1,0,0,0,0,0,0,1,0,0,0,0,0,0,0,0,0,0,1,0,1,0,0,0,0,0,0,0,0,1,0,0,0,0,0,0,0,0,0,0,0,0,0,0,0,0,0,0,0,0,0,0,0,0,0,0,0,1,0
Black Swan,Black_Swan,1,http://www.imdb.com/video/imdb/vi3985807385/?ref_=tt_ov_vi,2010,108 min,R,0,0,0,0,0,0,1,0,0,0,0,0,1,0,0,0,1,0,0,0,0,0,0,0,1,0,1,0,0,0,0,0,1,0,0,0,0,0,0,0,0,0,0,0,0,0,0,0,0,0,0,0,0,0,0,0,0,0,0,0,0,0,0,0,1
Maine Pyar Kiya,Maine_Pyar_Kiya,0,https://www.youtube.com/watch?v=kW3gjVoXv9I,1989,192 min,N/A,0,0,0,0,0,0,0,1,0,0,0,1,0,1,0,0,0,0,0,0,0,0,0,0,0,0,0,0,0,1,0,0,0,0,0,0,0,0,0,0,0,0,0,0,0,0,0,0,0,0,0,0,0,0,1,0,0,0,0,0,0,0,0,0,0
Still Alice,Still_Alice,0,http://www.imdb.com/video/imdb/vi484748825/?ref_=tt_ov_vi,2014,101 min,PG-13,0,0,0,0,0,0,1,0,0,0,0,0,0,0,0,0,0,0,0,0,0,0,0,0,1,0,0,0,0,0,0,0,0,0,0,0,0,0,0,0,0,0,0,0,0,0,0,0,0,0,0,0,1,0,0,0,0,0,0,0,0,0,0,0,1
My Week with Marilyn,My_Week_with_Marilyn,0,http://www.imdb.com/video/imdb/vi3466567193/?ref_=tt_ov_vi,2011,99 min,R,0,0,0,1,0,0,1,0,0,0,0,0,0,0,0,0,0,0,0,0,0,0,0,0,1,0,1,0,0,0,0,0,0,0,0,0,0,0,0,0,0,0,0,0,0,0,0,0,0,0,0,0,0,0,0,0,0,0,0,0,0,0,0,1,1
Bhoothnath Returns,Bhoothnath_Returns,0,https://www.youtube.com/watch?v=BpC-Owk5MNY,2014,155 min,N/A,0,0,0,0,1,0,1,0,1,0,0,0,0,0,0,0,0,0,0,0,0,0,0,0,0,0,0,0,0,1,0,0,0,0,0,0,0,0,0,0,0,0,0,0,0,0,0,0,0,0,0,0,0,0,1,0,0,0,0,0,0,0,0,0,0
Grand Piano,Grand_Piano,1,http://www.imdb.com/video/imdb/vi2304944153/?ref_=tt_ov_vi,2013,90 min,R,0,0,0,0,0,0,0,0,0,0,1,0,1,0,0,0,1,0,0,0,0,0,0,0,1,0,0,0,0,0,0,0,0,0,0,0,0,0,0,0,0,0,0,0,0,0,0,0,0,0,0,0,0,0,0,0,0,0,0,0,0,0,1,0,0
Into the Woods,Into_the_Woods,1,http://www.imdb.com/video/imdb/vi1175760665/?ref_=tt_ov_vi,2014,125 min,PG,0,1,0,0,0,0,0,0,1,0,0,1,0,0,0,0,0,0,0,0,0,0,0,0,1,0,0,0,0,0,0,0,0,0,0,0,0,0,0,0,0,0,0,0,0,0,0,0,1,0,0,0,0,0,0,0,0,0,0,0,0,0,0,1,1
The Blair Witch Project,The_Blair_Witch_Project,1,http://www.imdb.com/video/imdb/vi9044249/?ref_=tt_ov_vi,1999,81 min,R,0,0,0,0,0,0,0,0,0,1,0,0,1,0,0,0,0,0,0,0,0,0,0,0,1,0,0,0,0,0,0,0,0,0,0,0,0,0,0,0,0,0,0,0,0,0,0,0,0,0,0,0,0,0,0,0,0,0,0,0,0,0,0,0,1
Monsters University,Monsters_University,1,http://www.imdb.com/video/imdb/vi2206049817/?ref_=tt_ov_vi,2013,104 min,G,0,1,1,0,1,0,0,0,0,0,0,0,0,0,0,0,0,0,0,0,0,0,0,0,1,0,0,0,0,0,0,0,0,0,0,0,0,0,0,0,0,0,0,0,0,0,0,0,0,0,0,0,0,0,0,0,0,0,0,0,0,0,0,0,1
Mr. Go,Mr._Go,1,https://www.youtube.com/watch?v=bSCB5eTyp58,2013,132 min,N/A,0,0,0,0,1,0,1,0,0,0,0,0,0,0,0,1,0,0,0,0,0,0,0,0,0,0,0,0,0,0,0,0,0,0,1,0,1,0,0,0,0,0,0,0,0,0,0,0,0,1,0,0,0,0,0,0,0,0,0,0,0,1,0,0,0
This Is Where I Leave You,This_Is_Where_I_Leave_You,1,http://www.imdb.com/video/imdb/vi1719577881/?ref_=tt_ov_vi,2014,103 min,R,0,0,0,0,1,0,1,0,0,0,0,0,0,0,0,0,0,0,0,0,0,0,0,0,1,0,0,0,0,0,0,0,0,0,0,0,0,0,0,0,0,0,0,0,0,0,0,0,0,0,0,0,0,0,0,0,0,0,0,0,0,0,0,0,1
The Bourne Legacy,The_Bourne_Legacy,0,http://www.imdb.com/video/imdb/vi1065461017/?ref_=tt_ov_vi,2012,135 min,PG-13,1,1,0,0,0,0,0,0,0,0,0,0,1,0,0,0,0,0,0,0,0,0,0,0,1,1,0,0,0,0,0,0,0,0,0,0,0,0,1,0,0,0,0,0,0,0,0,0,0,0,0,0,0,0,0,0,0,1,0,0,0,0,0,0,1
Wild Tales,Wild_Tales,0,http://www.imdb.com/video/imdb/vi3777932825/?ref_=tt_ov_vi,2014,122 min,R,0,0,0,0,1,0,1,0,0,0,0,0,0,0,0,0,1,0,0,0,0,0,0,0,0,0,0,0,0,0,0,0,0,0,0,0,0,0,0,0,1,0,0,0,0,1,0,0,0,0,0,0,0,0,0,0,0,0,0,0,0,0,1,0,0
The Dark Knight,The_Dark_Knight,0,http://www.imdb.com/video/imdb/vi324468761/?ref_=tt_ov_vi,2008,152 min,PG-13,1,0,0,0,0,1,1,0,0,0,0,0,0,0,0,0,0,0,0,0,0,0,0,0,1,0,0,0,0,0,0,0,0,0,0,0,1,0,0,0,0,0,0,0,0,0,0,0,0,0,0,0,0,0,0,0,0,0,0,0,0,0,0,1,1
Predestination,Predestination,0,http://www.imdb.com/video/imdb/vi100904729/?ref_=tt_ov_vi,2014,97 min,R,0,0,0,0,0,0,1,0,0,0,0,0,1,0,1,0,0,0,0,0,0,0,0,0,1,0,0,0,0,0,0,0,0,0,0,0,0,0,0,0,0,0,0,0,0,0,1,0,0,0,0,0,0,0,0,0,0,0,0,0,0,0,0,0,0
Robin Hood,Robin_Hood,1,http://www.imdb.com/video/imdb/vi73860121/?ref_=tt_ov_vi,2010,140 min,PG-13,1,1,0,0,0,0,1,0,0,0,0,0,0,0,0,0,0,0,0,0,0,0,0,0,1,0,1,0,0,0,0,0,0,0,0,0,0,0,0,0,0,0,0,0,0,0,0,0,0,0,0,0,0,0,0,0,0,0,0,0,0,0,0,1,1
A Million Ways to Die in the West,A_Million_Ways_to_Die_in_the_West,1,http://www.imdb.com/video/imdb/vi2623188249/?ref_=tt_ov_vi,2014,116 min,R,0,0,0,0,1,0,0,0,0,0,0,0,0,0,0,0,0,0,1,0,0,0,0,0,1,0,0,0,0,0,0,0,0,0,0,0,1,1,0,0,0,0,0,0,0,0,0,0,0,0,0,0,0,0,0,0,0,0,0,0,0,0,0,0,1
Drive,Drive,0,http://www.imdb.com/video/imdb/vi2772212761/?ref_=tt_ov_vi,2011,100 min,R,0,0,0,0,0,1,1,0,0,0,0,0,0,0,0,0,0,0,0,0,0,0,0,0,1,0,0,0,0,0,0,0,0,0,0,0,0,0,0,0,1,0,0,0,0,0,0,0,0,0,0,0,0,0,0,0,0,0,0,0,0,0,0,0,1
Bronson,Bronson,0,http://www.imdb.com/video/imdb/vi1194066457/?ref_=tt_ov_vi,2008,92 min,R,1,0,0,1,0,1,0,0,0,0,0,0,0,0,0,0,0,0,0,0,0,0,0,0,1,0,0,0,0,0,0,0,0,0,0,0,0,0,0,0,0,0,0,0,0,0,0,0,0,0,0,0,0,0,0,0,0,0,0,0,0,0,0,1,0
The Last Days on Mars,The_Last_Days_on_Mars,0,http://www.imdb.com/video/imdb/vi1046194457/?ref_=tt_ov_vi,2013,98 min,R,0,0,0,0,0,0,0,0,0,1,0,0,0,0,1,0,1,0,0,0,0,0,0,0,1,0,0,0,0,0,0,0,0,0,0,0,0,0,0,0,0,0,0,0,0,0,0,0,0,0,0,0,0,0,0,1,0,0,0,0,0,0,0,1,0
The Reluctant Dragon,The_Reluctant_Dragon,0,http://www.imdb.com/video/imdb/vi1403716121/?ref_=tt_ov_vi,1941,74 min,APPROVED,0,0,1,0,1,0,0,1,0,0,0,0,0,0,0,0,0,0,0,0,0,0,0,0,1,0,0,0,0,0,0,0,0,0,0,0,0,0,0,0,0,0,0,0,0,0,0,0,0,0,0,0,0,0,0,0,0,0,0,0,0,0,0,0,1
Live Nude Girls,Live_Nude_Girls,0,https://www.youtube.com/watch?v=RrjF-FSFrfo,1995,95 min,R,0,0,0,0,1,0,0,0,0,0,0,0,0,0,0,0,0,0,0,0,0,0,0,0,1,0,0,0,0,0,0,0,0,0,0,0,0,0,0,0,0,0,0,0,0,0,0,0,0,0,0,0,0,0,0,0,0,0,0,0,0,0,0,0,1
Pulp Fiction,Pulp_Fiction,0,https://www.youtube.com/watch?v=s7EdQ4FqbhY,1994,154 min,R,0,0,0,0,0,1,1,0,0,0,0,0,0,0,0,0,0,0,0,0,0,0,0,0,1,0,1,0,0,0,0,0,0,0,0,0,0,0,0,0,1,0,0,0,0,0,0,0,0,0,0,0,0,0,0,0,0,0,0,0,0,0,0,0,1
Perez,Perez,0,https://www.youtube.com/watch?v=HsXRKgzs1Kk,2014,94 min,N/A,0,0,0,0,0,1,1,0,0,0,0,0,0,0,0,0,1,0,0,0,0,0,0,0,0,0,0,0,0,0,0,0,1,0,0,0,0,0,0,0,0,0,0,0,0,0,0,0,0,0,0,0,0,0,0,0,1,0,0,0,0,0,0,0,0
A Goofy Movie,A_Goofy_Movie,0,https://www.youtube.com/watch?v=Ou94SEYa9jI,1995,78 min,G,0,1,1,0,1,0,0,0,0,0,0,0,0,0,0,0,0,0,0,0,0,0,0,0,1,0,0,0,0,0,0,0,0,0,0,0,0,0,0,0,0,0,0,0,0,0,0,0,0,0,0,0,0,0,0,0,0,0,0,0,0,0,0,0,1
Mean Girls,Mean_Girls,0,http://www.imdb.com/video/imdb/vi3868524825/?ref_=tt_ov_vi,2004,97 min,PG-13,0,0,0,0,1,0,0,0,0,0,0,0,0,0,0,0,0,0,0,0,0,0,0,0,1,0,0,1,0,0,0,0,0,0,0,0,0,0,0,0,0,1,0,1,0,0,0,0,1,0,0,0,0,0,0,0,0,0,0,0,0,0,0,0,1
